emisor,emisor_key,fecha,E_market,sigma_E,DP,dp_metodo,dp_proxy,num_acciones,close,pasivo_corriente,pasivo_no_corriente,pasivo_total,patrimonio,activo_total,ingreso_neto,eps,V_A,sigma_A,DD,PD
Banco de Bogota,BANCOBOGOTA,2017-03-31,10829292418.635939,0.20013388380505717,95440514205.75,proxy_0.75_total,True,331249.13333333336,32692.2890625,,,127254018941.0,16651450459.0,143905469400.0,660842021.0,1995.0,101615117797.55977,0.021328602742959765,5.2728114677540905,6.717477944875646e-08
Banco de Bogota,BANCOBOGOTA,2017-06-30,28235624259.758335,0.19418243471530716,96459282470.25,proxy_0.75_total,True,805679.9720028715,35045.70703125,,,128612376627.0,17398335294.0,146010711921.0,1122312201.0,1393.0,119990532010.01288,0.045694124219091595,5.848626969824919,2.4782361346050057e-09
Banco de Bogota,BANCOBOGOTA,2017-09-30,14024315235.12851,0.1981192248377306,94168869468.0,proxy_0.75_total,True,361167.5887961859,38830.4921875,,,125558492624.0,17736133132.0,143294625756.0,606039214.0,1678.0,103600514731.95023,0.02681923488305349,5.410035334552673,3.150615751530854e-08
Banco de Bogota,BANCOBOGOTA,2017-12-31,2569631636.618424,0.19565627383196726,609478434.215,std+0.5*ltd,False,66892.67388841201,38414.24609375,256212997.15,706530874.13,131194904889.0,18210220853.0,149405125742.0,77929965.08,1165.0,3149385456.842355,0.15963893846311963,10.521347579773963,3.4440636877441175e-26
Banco de Bogota,BANCOBOGOTA,2018-03-31,13886710223.096579,0.1408872421940408,95181854855.25,proxy_0.75_total,True,356014.0439978273,39006.07421875,,,126909139807.0,16825469434.0,143734609241.0,655421855.0,1841.0,104426491239.96652,0.018735287217340777,7.606959010111712,1.4031013091097121e-14
Banco de Bogota,BANCOBOGOTA,2018-06-30,7243171262.599909,0.1409957212817104,96028555848.0,proxy_0.75_total,True,182717.45777233783,39641.375,,,128038074464.0,17558717315.0,145596791779.0,298560326.0,1634.0,98588359177.52762,0.01035879048051044,7.3612780802933,9.1078824367485e-14
Banco de Bogota,BANCOBOGOTA,2018-09-30,49760813937.51428,0.12672675362316052,97635018477.0,proxy_0.75_total,True,1240556.8445678034,40111.67578125,,,130180024636.0,18501048266.0,148681072902.0,3128684362.0,2522.0,142634116374.50757,0.04421120674516518,9.682368245612661,1.7915895249412843e-22
Banco de Bogota,BANCOBOGOTA,2018-12-31,33986503829.323814,0.17484854801900987,107726050608.0,proxy_0.75_total,True,1023792.9860578598,33196.65625,37062091.0,,143634734144.0,19667774788.0,163302508932.0,2937262077.0,2869.0,136458692952.88849,0.04354790976177877,6.555591492171016,2.77108783951249e-11
Banco de Bogota,BANCOBOGOTA,2019-03-31,13250761683.471067,0.21229844028651862,105985705168.5,proxy_0.75_total,True,331299.0660646388,39996.375,,,141314273558.0,19110664155.0,160424937713.0,697053235.0,2104.0,114067482880.15779,0.024661864149903432,4.994833144395166,2.944332872415213e-07
Banco de Bogota,BANCOBOGOTA,2019-06-30,26872055090.008736,0.2222307175322345,107401847590.5,proxy_0.75_total,True,650341.3203661328,41319.92578125,,,143202463454.0,20180496521.0,163382959975.0,1420995785.0,2185.0,129035852541.69194,0.04628013968261926,5.0224995762470686,2.5501654910524166e-07
Banco de Bogota,BANCOBOGOTA,2019-09-30,52915843894.36712,0.2405958969719333,113960880026.25,proxy_0.75_total,True,1056775.2244680852,50072.94140625,,,151947840035.0,21313491038.0,173261331073.0,1986737422.0,1880.0,161318785760.579,0.07892036449875077,4.997607420824288,2.9023002427692885e-07
Banco de Bogota,BANCOBOGOTA,2019-12-31,114833253943.15628,0.21840603846809734,114869683742.25,proxy_0.75_total,True,2140969.276937185,53636.10546875,58700943.0,,153159578323.0,21860001562.0,175019579885.0,4669453993.0,2181.0,224100677101.69614,0.11191521776589652,6.362267862094398,9.9398178253937e-11
Banco de Bogota,BANCOBOGOTA,2020-03-31,15006784275.526957,0.3697633012622524,139197681144.0,proxy_0.75_total,True,331286.81793721975,45298.46484375,44108701.0,,185596908192.0,21773915109.0,207370823301.0,738769604.0,2230.0,147412276020.29037,0.03772123598704548,2.8267028394355376,0.0023514974079739187
Banco de Bogota,BANCOBOGOTA,2020-06-30,37740994070.70648,0.40087739568484815,146621842010.25,proxy_0.75_total,True,962078.4022203245,39228.60546875,41954014.0,,195495789347.0,22514454762.0,218010244109.0,1126593809.0,1171.0,177201704602.15714,0.0855727218361264,2.75520678179791,0.0029327526199750126
Banco de Bogota,BANCOBOGOTA,2020-09-30,46948847605.94452,0.40567333617418005,147468095985.75,proxy_0.75_total,True,1034421.3982521847,45386.578125,46820196.0,,196624127981.0,23250144926.0,219874272907.0,1657143080.0,1602.0,187213550337.85086,0.10193457046696645,2.7806343039300128,0.002712640674370494
Banco de Bogota,BANCOBOGOTA,2020-12-31,122946921147.14285,0.40821217141772165,139327337716.5,proxy_0.75_total,True,2438209.4519289653,50425.0859375,47627416.0,,185769783622.0,22498600501.0,208268384123.0,3981596035.0,1633.0,255475247726.91812,0.19650881074793164,3.2415419756826767,0.0005944246234430363
Banco de Bogota,BANCOBOGOTA,2021-03-31,30211759078.390198,0.27408025978940903,146587007438.25,proxy_0.75_total,True,573881.8530097994,52644.5625,70848131.0,,195449343251.0,22282588641.0,217731931892.0,1229828811.0,2143.0,169649584276.7308,0.048810410840193,3.9935056825050905,3.255175885955771e-05
Banco de Bogota,BANCOBOGOTA,2021-06-30,20605300390.171,0.2424361194212344,148417230224.25,proxy_0.75_total,True,432307.6780506523,47663.5078125,80700907.0,,197889640299.0,23532840049.0,221422480348.0,1126593809.0,2606.0,161784131920.28775,0.030877520626553273,4.396686767858072,5.4957892638485784e-06
Banco de Bogota,BANCOBOGOTA,2021-09-30,13611422618.46181,0.22572919137106096,149880418949.25,proxy_0.75_total,True,272825.663483701,49890.55078125,89882493.0,,199840558599.0,24544378385.0,224384936984.0,1657143080.0,6074.0,156182086236.55493,0.019672554775540318,4.625290066457101,1.8703726100010455e-06
Banco de Bogota,BANCOBOGOTA,2021-12-31,91882632715.57939,0.19694519721585757,155246943318.0,proxy_0.75_total,True,1872779.8594153053,49062.1640625,111255750.0,,206995924424.0,25338970395.0,232334894819.0,4356085953.0,2326.0,239558093263.29547,0.0755384340200882,6.366638320227852,9.660802922373032e-11
Bancolombia,BANCOLOMBIA,2017-03-31,8450626562.621921,0.30776568249239555,131018687510.25,proxy_0.75_total,True,612274.4114021572,13802.024721675552,,,174691583347.0,22050368575.0,196741951922.0,397366093.0,649.0,133079198199.816,0.019550818920970985,3.3458109049193037,0.0004102116247131183
Bancolombia,BANCOLOMBIA,2017-06-30,30186909635.599823,0.29391389044861777,135465941684.25,proxy_0.75_total,True,1818865.7766570605,16596.557053858647,,,180621255579.0,23083111158.0,203704366737.0,1262292849.0,694.0,159045946774.13797,0.05578886302313483,3.744773922902899,9.027814379061511e-05
Bancolombia,BANCOLOMBIA,2017-09-30,58340115069.12444,0.28337569368712895,135548359057.5,proxy_0.75_total,True,3539460.140495868,16482.772161110188,,,180731145410.0,23361731059.0,204092876469.0,1713098708.0,484.0,187277667894.6864,0.08827710517912302,4.184182027022245,1.4309736289953845e-05
Bancolombia,BANCOLOMBIA,2017-12-31,43903395127.18144,0.26860291784996854,2185516097.0,std+0.5*ltd,False,2986427.4186778595,14700.975102424622,1992599362.0,385833470.0,179478662657.0,24429548810.0,203908211467.0,2846065330.0,953.0,45982322346.3678,0.25645899191110644,11.94545527555211,3.4286908049132245e-33
Bancolombia,BANCOLOMBIA,2018-03-31,13759967378.562355,0.2758462307735173,133316946204.0,proxy_0.75_total,True,935053.5913978495,14715.699191093445,,,177755928272.0,23189643016.0,200945571288.0,521759904.0,558.0,140574911783.23856,0.027002542004790044,3.80136842537117,7.194957339389824e-05
Bancolombia,BANCOLOMBIA,2018-06-30,31418414675.02658,0.2822053766331914,135396108703.5,proxy_0.75_total,True,1767422.607936508,17776.40193915367,,,180528144938.0,24025200763.0,204553345701.0,1113476243.0,630.0,160211104615.72498,0.055344239319153804,3.916509448630798,4.492014813990428e-05
Bancolombia,BANCOLOMBIA,2018-09-30,41682054125.20536,0.2944971228429621,136341236542.5,proxy_0.75_total,True,2629674.577777778,15850.65105676651,,,181788315390.0,24867012573.0,206655327963.0,1656694984.0,630.0,171373726894.77567,0.07163160056903553,3.8547279182488596,5.792920284093136e-05
Bancolombia,BANCOLOMBIA,2018-12-31,8511209.536042912,0.29472941814354275,2371997544.0,std+0.5*ltd,False,535.8713339640492,15882.93494462967,2210837638.0,322319812.0,193458395998.0,26655223689.0,220113619687.0,566416.0,1057.0,2264824849.568751,0.0011079680156723432,3.397541503571924,0.00033997136561633495
Bancolombia,BANCOLOMBIA,2019-03-31,19767064555.53719,0.3034226982356767,148484223237.75,proxy_0.75_total,True,944816.7675736961,20921.585257530212,,,197978964317.0,26186769995.0,224165734312.0,833328389.0,882.0,161009317930.16272,0.03725873286669913,3.496882751099753,0.00023536433800156682
Bancolombia,BANCOLOMBIA,2019-06-30,38026777476.036606,0.30433458072393427,152792257003.5,proxy_0.75_total,True,1791009.225708502,21232.038858422777,,,203723009338.0,27222174845.0,230945184183.0,1769517115.0,988.0,183366980558.93045,0.06311957423192979,3.650504049351844,0.00013086309143411394
Bancolombia,BANCOLOMBIA,2019-09-30,62846808231.6457,0.31020208411338057,155934538387.5,proxy_0.75_total,True,2853554.3329741377,22024.04471694189,,,207912717850.0,28942513190.0,236855231040.0,2648098421.0,928.0,211176081040.01013,0.09232229772410333,3.7801734205165607,7.835958077653572e-05
Bancolombia,BANCOLOMBIA,2019-12-31,11342594313.58909,0.29112096351165456,13451422036.0,std+0.5*ltd,False,478712.87475149106,23693.94038018561,13173824980.0,555194112.0,207282495900.0,28805619059.0,236088114962.0,240792576.0,503.0,24137981922.393326,0.13679980063470815,4.571239794189545,2.4242353607050206e-06
Bancolombia,BANCOLOMBIA,2020-03-31,12607484527.514368,0.6334279176243403,184858936897.5,proxy_0.75_total,True,920231.2465753425,13700.34388033807,,,246478582530.0,29283438353.0,275762020883.0,335884405.0,365.0,188208546198.01913,0.04533470219083556,1.4763522091851329,0.06992468259329891
Bancolombia,BANCOLOMBIA,2020-06-30,57065093791.30296,0.6804930460851785,179254300602.0,proxy_0.75_total,True,4235286.29032258,13473.727601766586,,,239005734136.0,28508545052.0,267514279188.0,262587750.0,-62.0,226730307286.69412,0.17970134506512345,1.4958679320750585,0.06734403720965684
Bancolombia,BANCOLOMBIA,2020-09-30,24431919559.808464,0.6852577734665104,177130773442.5,proxy_0.75_total,True,1777791.262295082,13742.850512307894,,,236174364590.0,29439840852.0,265614205442.0,542226335.0,305.0,192316435547.2285,0.09388539956004371,1.3617302679768868,0.08664151265743736
Bancolombia,BANCOLOMBIA,2020-12-31,15596747175.852818,0.7063624688566374,2666149290.0,std+0.5*ltd,False,813311.8199233717,19176.83573973179,2469252233.0,393794114.0,227453292697.0,28115211256.0,255568503953.0,212274385.0,-261.0,18132227739.849686,0.6077110785939693,2.932971539319204,0.001678673334484171
Bancolombia,BANCOLOMBIA,2021-03-31,9654721897.925856,0.435891151965845,171089299392.75,proxy_0.75_total,True,580111.2348877374,16642.8803948164,,,228119065857.0,29206101687.0,257325167544.0,335884405.0,579.0,172386270792.10342,0.024645552608488767,2.322868539187514,0.010093107845596567
Bancolombia,BANCOLOMBIA,2021-06-30,21214887686.027145,0.36111156346388906,176166747096.0,proxy_0.75_total,True,1395263.5935960591,15204.931730031967,,,234888996128.0,30595010806.0,265484006934.0,1699431057.0,1218.0,188786381303.95117,0.04064395366580476,2.912098081784516,0.0017950494314430772
Bancolombia,BANCOLOMBIA,2021-09-30,10161518424.35456,0.3439830662187183,178411404138.75,proxy_0.75_total,True,544951.0904522613,18646.661328673363,,,237881872185.0,31869348680.0,269751220865.0,542226335.0,995.0,179870340255.1647,0.019459298623112756,2.9782566028919604,0.0014494658670664879
Bancolombia,BANCOLOMBIA,2021-12-31,48735615052.68279,0.31679126542399716,3390399108.5,std+0.5*ltd,False,2693997.8991430453,18090.44285750389,3220151497.0,340495223.0,255929590555.0,33925457750.0,289855048305.0,4086794813.0,1517.0,51960662445.48898,0.29712895173253395,9.206092076696823,1.691071644973878e-20
Cementos Argos,CEMARGOS,2017-03-31,8730765015.529566,0.1681447020147484,7511925240.5,std+0.5*ltd,False,1138600.175,7667.9814453125,4962332143.0,5099186195.0,10061518338.0,8431981046.0,18493499384.0,-45544007.0,-40.0,15876329338.942768,0.0924667062868304,8.587549782121924,4.442181546226028e-18
Cementos Argos,CEMARGOS,2017-06-30,13813821767.471584,0.15763596702126087,7281527873.5,std+0.5*ltd,False,1778902.975609756,7765.35986328125,4234942409.0,6093170929.0,10328113338.0,8872876626.0,19200989964.0,72935022.0,41.0,20740225336.0669,0.10499187531911694,10.393401435756497,1.32852421576712e-25
Cementos Argos,CEMARGOS,2017-09-30,51370985162.93909,0.1516250783468129,7061579915.5,std+0.5*ltd,False,6663902.762711864,7708.84375,4111258007.0,5900643817.0,10011901824.0,8784540899.0,18796442723.0,393170263.0,59.0,58088167762.025955,0.13409150176665754,16.021171259022942,4.546068787762383e-58
Cementos Argos,CEMARGOS,2017-12-31,40876744796.05434,0.1467986418838501,6839489865.5,std+0.5*ltd,False,5374599.842857143,7605.5419921875,3675405352.0,6328169027.0,10003574379.0,8779341431.0,18782915810.0,376221989.0,-70.0,47382668804.69237,0.12664230977422827,15.61503610629625,2.87562767598595e-55
Cementos Argos,CEMARGOS,2018-03-31,7214359971.093485,0.18685280713250255,7048563049.5,std+0.5*ltd,False,1142414.5208333333,6315.0107421875,4369057951.0,5359010197.0,9728068148.0,7956002319.0,17684070467.0,54835897.0,48.0,13919160544.226366,0.09684660278039224,7.493839959302056,3.344363780770955e-14
Cementos Argos,CEMARGOS,2018-06-30,309062702.86637014,0.19440012248279778,7177213450.0,std+0.5*ltd,False,47605.02173913043,6492.22900390625,4249104116.0,5856218668.0,10105322784.0,8299869191.0,18405191975.0,2189831.0,46.0,7136239321.668389,0.008419256816152005,5.25453518327742,7.419938825903343e-08
Cementos Argos,CEMARGOS,2018-09-30,10243219793.606873,0.22385976093032023,7048178584.0,std+0.5*ltd,False,1982126.578125,5167.79296875,4251316072.0,5593725024.0,9845041096.0,8404070756.0,18249111852.0,126856101.0,64.0,16947654651.842724,0.13530159666720332,6.786372006333881,5.749421196073968e-12
Cementos Argos,CEMARGOS,2018-12-31,1247085.859375,0.2237320316330516,6482955716.0,std+0.5*ltd,False,265.0,4705.984375,3091570564.0,6782770304.0,9874340868.0,8995678177.0,18870019045.0,11925.0,45.0,6168025320.429543,4.523557040464843e-05,4.470043692564896,3.910180987011763e-06
Cementos Argos,CEMARGOS,2019-03-31,6366693288.175218,0.21095348868806912,7591925214.5,std+0.5*ltd,False,1185347.7692307692,5371.16064453125,4103372461.0,6977105507.0,11080477968.0,8557602566.0,19638080534.0,15409521.0,13.0,13588355940.80481,0.09884022515130139,6.346033090068553,1.1046886637876375e-10
Cementos Argos,CEMARGOS,2019-06-30,6022452992.914975,0.20319066214924095,7339161329.0,std+0.5*ltd,False,1159825.7540983607,5192.5498046875,3706892871.0,7264536916.0,10971429787.0,8616731773.0,19588161560.0,70749371.0,61.0,13003679200.21504,0.09410461397647817,6.562695406687882,2.6421860971278072e-11
Cementos Argos,CEMARGOS,2019-09-30,30151462104.93607,0.1903368140701401,7515541018.5,std+0.5*ltd,False,5853505.133333334,5151.009765625,3619886815.0,7791308407.0,11411195222.0,9172375281.0,20583570503.0,87802577.0,15.0,37300465862.77534,0.15385687829538244,10.660536288225366,7.784851676625776e-27
Cementos Argos,CEMARGOS,2019-12-31,12675240951.572266,0.22729279361741692,6697248411.0,std+0.5*ltd,False,2487527.6666666665,5095.517578125,3052593200.0,7289310422.0,10341903622.0,8852446591.0,19194350213.0,74625830.0,30.0,19045860703.30607,0.15126598742565725,7.164282955454868,3.9097373554711885e-13
Cementos Argos,CEMARGOS,2020-03-31,11090016131.62445,0.5656322184751623,8133705106.0,std+0.5*ltd,False,3852380.25,2878.743896484375,4064485277.0,8138439658.0,12202924935.0,9737242540.0,21940167475.0,15409521.0,4.0,18822246203.26996,0.3340504023605499,2.4943184773180644,0.006309962841965711
Cementos Argos,CEMARGOS,2020-06-30,3720132692.7433033,0.6166160167156947,7928625908.0,std+0.5*ltd,False,1554532.5714285714,2393.087646484375,4175876130.0,7505499556.0,11681375686.0,9073258033.0,20754633719.0,21763456.0,14.0,11241658087.009085,0.20860246373220284,1.809130662128778,0.035215353261541585
Cementos Argos,CEMARGOS,2020-09-30,6069189188.240974,0.6461071015812906,7333177620.5,std+0.5*ltd,False,1823500.064516129,3328.318603515625,3343185154.0,7979984933.0,11323170087.0,9531306179.0,20854476266.0,113057004.0,62.0,13022995342.164415,0.30538789611517725,1.891616728195269,0.029271032716576665
Cementos Argos,CEMARGOS,2020-12-31,1846783409.8568618,0.6556137544906602,6263862536.0,std+0.5*ltd,False,408185.79411764705,4524.36962890625,2665158754.0,7197407564.0,9862566318.0,8711956840.0,18574523158.0,27756634.0,68.0,7782033126.360775,0.16245349610560758,1.5624474379907158,0.05909130957810676
Cementos Argos,CEMARGOS,2021-03-31,52897243224.93695,0.3977130469299726,6609260623.5,std+0.5*ltd,False,13829829.25,3824.865966796875,2896511698.0,7425497851.0,10322009549.0,9129037980.0,19451047529.0,55319317.0,4.0,59184166404.0593,0.3554654066509425,6.130004180285852,4.3938381981074417e-10
Cementos Argos,CEMARGOS,2021-06-30,336515881.43349767,0.32726152014519,6286289198.5,std+0.5*ltd,False,83682.09042553192,4021.36083984375,3015736072.0,6541106253.0,9556842325.0,9394806640.0,18951648965.0,15732233.0,188.0,6316194107.929009,0.01745037090310019,3.128508107640082,0.0008784808186055068
Cementos Argos,CEMARGOS,2021-09-30,16664563583.090593,0.2560425441240873,6269950684.5,std+0.5*ltd,False,3709916.697674419,4491.89697265625,3033080233.0,6473740903.0,9506821136.0,9544646064.0,19051467200.0,319052836.0,86.0,22628725164.35516,0.1885584462024804,6.977542070156912,1.501944422895714e-12
Cementos Argos,CEMARGOS,2021-12-31,6628528653.96441,0.21001315602112264,6424834579.5,std+0.5*ltd,False,1423737.421195652,4655.72412109375,3484671611.0,5880325937.0,9364997548.0,10204805247.0,19569802795.0,523935371.0,368.0,12740020353.533255,0.10926813174344402,6.668070458879833,1.2959417719187107e-11
Ecopetrol,ECOPETROL,2017-03-31,2.3638518558365668e+16,0.3848078175132533,46081050425.0,std+0.5*ltd,False,41202328046511.625,573.7180319442414,17080957730.7,58000185388.6,75081143119.3,45416400908.9,120497544028.2,885850053.0,2.15e-05,2.3638562392016744e+16,0.38480710395329465,34.10526920077278,3.081007880277033e-255
Ecopetrol,ECOPETROL,2017-06-30,2.499730413008548e+16,0.36501000264011607,41614319346.45,std+0.5*ltd,False,41099425699812.38,608.2154118810373,14512682789.2,54203273114.5,68715955903.7,46978412621.6,115694368525.3,2190599389.8,5.33e-05,2.4997343714850524e+16,0.36500942462529345,36.407881457563306,1.5972510387868022e-290
Ecopetrol,ECOPETROL,2017-09-30,2.9630210939644216e+16,0.31854490343943526,42258882613.4,std+0.5*ltd,False,48639003052767.05,609.1862308012205,16151645327.0,52214474572.8,68366119899.8,47902341603.7,116268461503.5,3779250537.2,7.77e-05,2.9630251137536804e+16,0.31854447128535884,42.25393233107657,0.0
Ecopetrol,ECOPETROL,2017-12-31,3.9455313590653656e+16,0.2908572083181347,43869919055.4,std+0.5*ltd,False,41120570500000.0,959.5030689239502,16846610698.2,54046616714.4,70893227412.6,49781305417.7,120674532830.3,6620411850.5,0.000161,3.945535532101151e+16,0.29085690069005,47.16117298460857,0.0
Ecopetrol,ECOPETROL,2018-03-31,4.8817912340348344e+16,0.34039876326606544,,sin_dato,True,41113267987421.38,1187.4004361629486,,,,,,2614803844.0,6.36e-05,,,,
Ecopetrol,ECOPETROL,2018-06-30,5.643089857335733e+16,0.3605568665563204,44101230036.25,std+0.5*ltd,False,41113948103887.41,1372.5487620592116,18857029562.6,50488400947.3,69345430509.9,52237740466.9,121583170976.8,6134201057.1,0.0001492,5.643094052374499e+16,0.36055659852073235,38.95932014589232,0.0
Ecopetrol,ECOPETROL,2018-09-30,7.491463356865966e+16,0.3910693625108396,45327478662.45,std+0.5*ltd,False,41112383676511.305,1822.1914389133453,21942867936.3,46769221452.3,68712089388.6,55169874921.5,123881964310.1,8909053542.7,0.0002167,7.49146766854911e+16,0.39106913743249005,36.544636318850145,1.0848101290464205e-292
Ecopetrol,ECOPETROL,2018-12-31,4.805421689458242e+16,0.434696272994279,42380402256.35,std+0.5*ltd,False,41111366519388.12,1168.8790950775146,17824622248.8,49111560015.1,66936182263.9,59304438015.8,126240620279.7,11556405128.6,0.0002811,4.805425720806806e+16,0.4346959083206168,31.9687273613443,1.4838254232419137e-224
Ecopetrol,ECOPETROL,2019-03-31,70807018855.52019,0.4172257782702865,51145539219.5,std+0.5*ltd,False,45648287.29850746,1551.1429463386535,26783928348.0,48723221743.0,75507150091.0,52667243391.0,128174393482.0,3058435249.0,67.0,119457517926.66812,0.24732698477485254,3.5083119333972514,0.00022547997573874447
Ecopetrol,ECOPETROL,2019-06-30,103257503337.15677,0.4078072651263539,44038084600.5,std+0.5*ltd,False,72461997.6627907,1424.988361729635,19892652282.0,48290864637.0,68183516918.0,56934296645.0,125117813564.0,6231731799.0,86.0,145147781294.74054,0.29011369939652815,4.138427827845798,1.7484691882372172e-05
Ecopetrol,ECOPETROL,2019-09-30,191871703937.92084,0.3932863541839005,44247825804.5,std+0.5*ltd,False,135922507.5882353,1411.625692774728,18863212721.0,50769226167.0,69632438888.0,61363623323.0,130996062211.0,9242730516.0,68.0,233961537520.9967,0.3225338887773453,5.157090462631233,1.2540832236594948e-07
Ecopetrol,ECOPETROL,2019-12-31,63821841417.53726,0.33353396985137185,48423097037.5,std+0.5*ltd,False,38924942.571428575,1639.6129885207163,21742298513.0,53361597049.0,75103895562.0,60344122106.0,135448017668.0,12533831508.0,322.0,109883306047.87907,0.19372187847999503,4.3912332501627205,5.635477531364692e-06
Ecopetrol,ECOPETROL,2020-03-31,44116944689.46729,0.6673678539330296,59532782529.0,std+0.5*ltd,False,45648287.313432835,966.453448440443,28911356435.0,61242852188.0,90154208623.0,56379927744.0,146534136367.0,3058435250.0,67.0,100512576770.776,0.2986565925952804,1.7717936484162906,0.03821440865308521
Ecopetrol,ECOPETROL,2020-06-30,222735838051.06076,0.7395942067296658,59065859594.5,std+0.5*ltd,False,195465979.25,1139.5120465755463,26618636579.0,64894446031.0,91513082610.0,55636719664.0,147149802274.0,781863917.0,4.0,278847368519.612,0.5915564753976965,2.4123511579798125,0.00792500378415325
Ecopetrol,ECOPETROL,2020-09-30,4243337306.0086594,0.7437931633373922,55216103314.5,std+0.5*ltd,False,4058655.3955555554,1045.5032251950586,21324712125.0,67782782379.0,89107494504.0,57173101202.0,146280595706.0,913197464.0,225.0,56565552071.88009,0.06291535477440677,1.1470390838735591,0.12568273407504188
Ecopetrol,ECOPETROL,2020-12-31,6330488845.194589,0.7573887201816197,50940146234.0,std+0.5*ltd,False,5242474.133540372,1207.5384034216404,18282443130.0,65315406208.0,83597849338.0,55819270853.0,139417120191.0,1688076671.0,322.0,54498078747.92906,0.0985353482917288,1.1433409733670552,0.12644852473133028
Ecopetrol,ECOPETROL,2021-03-31,53781645182.11151,0.4995151393145045,54371918050.5,std+0.5*ltd,False,41145667.25333333,1307.1034879803658,19963176308.0,68817483485.0,88780659793.0,58151920036.0,146932579829.0,3085925044.0,75.0,105487270645.86436,0.2551174489481511,2.666223052971683,0.003835438974273276
Ecopetrol,ECOPETROL,2021-06-30,114393523857.69919,0.3815302972899506,53994404204.0,std+0.5*ltd,False,75429026.75,1516.571653997898,19329668621.0,69329471166.0,88659139787.0,62595113595.0,151254253382.0,301716107.0,4.0,165754568510.9109,0.2633091588718656,4.317973306745883,7.873423442396214e-06
Ecopetrol,ECOPETROL,2021-09-30,18649821925.104263,0.3786847065199539,87663392522.5,std+0.5*ltd,False,12304904.838709677,1515.6412966668606,27880970015.0,119564845015.0,147445815030.0,93787891899.0,241233706929.0,1144356150.0,93.0,102034486090.24518,0.06932757710199221,2.8762479776090824,0.002012167088323172
Ecopetrol,ECOPETROL,2021-12-31,100139395699.28801,0.346676619490247,90373377071.5,std+0.5*ltd,False,69323475.29268293,1444.523594301939,30248731250.0,120249291643.0,150498022893.0,93752071300.0,244250094193.0,2842262487.0,41.0,186105121858.96753,0.18654180964564016,4.047151900195642,2.592229963683548e-05
Grupo Nutresa,GRUPONUTRESA,2017-03-31,9277494161.487192,0.1335097035450633,3799400286.5,std+0.5*ltd,False,501528.6885787977,18498.431640625,2077402030.0,3443996513.0,5521398543.0,8314694624.0,13836093167.0,151672306.0,302.42,12891595509.462435,0.09608085315987862,13.188023902451116,5.142295513487747e-40
Grupo Nutresa,GRUPONUTRESA,2017-06-30,9273553242.088966,0.1158583269259667,3705653922.5,std+0.5*ltd,False,460311.41015625,20146.259765625,1982580490.0,3446146865.0,5428727355.0,8645030872.0,14073758227.0,235679442.0,512.0,12798480290.187454,0.08394890166069595,15.318163330178358,2.891429345689199e-53
Grupo Nutresa,GRUPONUTRESA,2017-09-30,9555471356.7125,0.10914786818854694,3769254633.5,std+0.5*ltd,False,464008.4666666667,20593.3125,2129103360.0,3280302547.0,5409405907.0,8800441728.0,14209847635.0,327125969.0,705.0,13140897272.533354,0.0793674363699539,16.32536577498423,3.257452946802959e-60
Grupo Nutresa,GRUPONUTRESA,2017-12-31,9301346142.094357,0.09975973651460211,3657128143.5,std+0.5*ltd,False,433444.08981380065,21459.16015625,1954960255.0,3404335777.0,5359296032.0,8950180144.0,14309476176.0,395734454.0,913.0,12780114041.361227,0.07260497342695167,17.88550275273803,7.648360567494676e-72
Grupo Nutresa,GRUPONUTRESA,2018-03-31,9170183231.57792,0.09072960742328046,3707060286.5,std+0.5*ltd,False,460123.45800000033,19929.83203125,2065944834.0,3282230905.0,5348175739.0,8220208751.0,13568384490.0,120866871.0,262.68356654835,12696448054.494768,0.06553069969093196,19.51659232102998,3.9678845748315176e-85
Grupo Nutresa,GRUPONUTRESA,2018-06-30,9585854916.421875,0.09999608666798723,3498248785.0,std+0.5*ltd,False,462049.0656660413,20746.400390625,1757704777.0,3481088016.0,5238792793.0,8456794832.0,13695587625.0,246272152.0,533.0,12913492094.937748,0.07422840947763744,18.23096101112997,1.4656237777524032e-74
Grupo Nutresa,GRUPONUTRESA,2018-09-30,8738431492.088951,0.11666941809423068,3550561614.5,std+0.5*ltd,False,459940.3304964539,18999.0546875,1903110067.0,3294903095.0,5198013162.0,8154368171.0,13352381333.0,324257933.0,705.0,12115830173.304111,0.08414674872917005,15.138632991440605,4.503320947958204e-52
Grupo Nutresa,GRUPONUTRESA,2018-12-31,7084803708.442622,0.15169063738225944,3615848654.5,std+0.5*ltd,False,382702.1639344262,18512.578125,2042730079.0,3146237151.0,5188967230.0,8334729950.0,13523697180.0,420206976.0,1098.0,10524305343.144337,0.1021158504263589,10.900824518233337,5.7108772064843955e-28
Grupo Nutresa,GRUPONUTRESA,2019-03-31,9454563323.286833,0.16317305207640412,4260674769.0,std+0.5*ltd,False,462740.34069168376,20431.681640625,2070534886.0,4380279766.0,6450814652.0,8574200858.0,15025015510.0,175428713.0,379.108319663198,13507442531.787416,0.1142133271994159,10.482935531891407,5.174045557512606e-26
Grupo Nutresa,GRUPONUTRESA,2019-06-30,7989311085.907529,0.1704898797719489,4291895980.0,std+0.5*ltd,False,401207.35842880525,19913.171875,2083112638.0,4417566684.0,6500679322.0,8515229534.0,15015908856.0,245137696.0,611.0,12071888828.979858,0.11283210985402836,9.552115817257034,6.35370429089242e-22
Grupo Nutresa,GRUPONUTRESA,2019-09-30,27387939649.465664,0.17034281397885984,4592875435.5,std+0.5*ltd,False,1349191.2622377623,20299.5234375,2189709115.0,4806332641.0,6996041756.0,8692475783.0,15688517539.0,385868701.0,286.0,31756817906.779797,0.14690825518690148,13.428858268107899,2.0483952588281224e-41
Grupo Nutresa,GRUPONUTRESA,2019-12-31,9399199951.23919,0.14575148353635603,4654106853.0,std+0.5*ltd,False,458953.2761126249,20479.64453125,2347837036.0,4612539634.0,6960376670.0,8684863478.0,15645240148.0,505307557.0,1101.0,13826323334.583208,0.09908254738418887,11.444150292485388,1.257785594598193e-30
Grupo Nutresa,GRUPONUTRESA,2020-03-31,6540042227.629194,0.23508420330427343,4958746029.0,std+0.5*ltd,False,421781.0767128082,15505.7744140625,2424197765.0,5069096528.0,7493294293.0,7764206726.0,15257501019.0,174436631.0,413.571496283069,11256947359.025862,0.13657882263431229,6.3004328565798104,1.484077839892396e-10
Grupo Nutresa,GRUPONUTRESA,2020-06-30,7950107894.798017,0.27659819658789137,4986785013.5,std+0.5*ltd,False,464785.5548172757,17104.89453125,2509455710.0,4954658607.0,7464114317.0,7395878834.0,14859993151.0,139900452.0,301.0,12693684531.813753,0.17323461203549437,5.595348676437241,1.1008940891242601e-08
Grupo Nutresa,GRUPONUTRESA,2020-09-30,75465499.93691406,0.2895112058879006,5117762277.5,std+0.5*ltd,False,4036.383333333333,18696.31640625,2711691301.0,4812141953.0,7523833254.0,7959151368.0,15482984622.0,4117111.0,1020.0,4943630191.831178,0.004420546208005495,3.477592653474713,0.0002529690795354468
Grupo Nutresa,GRUPONUTRESA,2020-12-31,9315802062.376606,0.30022747242988407,4860700947.5,std+0.5*ltd,False,466842.2762529751,19954.923828125,2440661120.0,4840079655.0,7280740775.0,8257141744.0,15537882519.0,583843991.0,1250.62364892511,13939443822.118885,0.200643567451825,5.39967936345919,3.338005387870519e-08
Grupo Nutresa,GRUPONUTRESA,2021-03-31,8929832530.955564,0.24042291946110292,5013025839.0,std+0.5*ltd,False,460123.45799999987,19407.470703125,2597436357.0,4831178964.0,7428615321.0,8114650286.0,15543265607.0,229550550.0,498.889039471663,13698370214.793243,0.15672933157281144,6.654498673050475,1.4213365982648904e-11
Grupo Nutresa,GRUPONUTRESA,2021-06-30,22743834186.65452,0.23777984452992193,5043923722.0,std+0.5*ltd,False,1230568.288590604,18482.3828125,2542176523.0,5003494398.0,7545670921.0,7876189996.0,15421860917.0,366709350.0,298.0,27541762845.958076,0.1963572697638959,8.801513280115849,6.749173320767698e-19
Grupo Nutresa,GRUPONUTRESA,2021-09-30,8476781906.066041,0.23067601707640123,5102518003.5,std+0.5*ltd,False,459209.3356223176,18459.515625,2453830681.0,5297374645.0,7751205326.0,8078515735.0,15829721061.0,534978876.0,1165.0,13330447170.039412,0.14668602356526517,6.814269803311798,4.737187419717264e-12
Grupo Nutresa,GRUPONUTRESA,2021-12-31,11564423966.228907,0.3046642771487022,5271203970.5,std+0.5*ltd,False,470051.0643543049,24602.484375,2628037175.0,5286333591.0,7914370766.0,9042111934.0,16956482700.0,693254186.0,1474.8486676704,16578548282.546167,0.21251962630380125,5.520753627725853,1.687743929047325e-08
